Fold,Epsilon_Target,Epsilon_Achieved_Mean,Epsilon_Achieved_Max,Rounds_Run,Accuracy,Macro_F1,AUROC
Fold_1,inf,,,,0.9204152249134948,0.9082813648818826,0.9919933277513714
Fold_1,12.0,11.994800775483606,11.997287731947239,50.0,0.7820069204152249,0.7580068648175688,0.9179194812820869
Fold_1,8.0,7.99438385926223,7.9968902497799865,50.0,0.7370242214532872,0.701630501733453,0.903636542695405
Fold_3,inf,,,,0.9377162629757786,0.9271951379370984,0.9883058140895902
Fold_3,12.0,11.994800775483606,11.997287731947239,50.0,0.7681660899653979,0.7355966182422493,0.911557442895081
Fold_3,8.0,7.99438385926223,7.9968902497799865,50.0,0.6782006920415224,0.6311614855732502,0.8389430561348629
Fold_5,inf,,,,0.903114186851211,0.8855973412724378,0.9816280313693122
Fold_5,12.0,11.994800775483606,11.997287731947239,50.0,0.7923875432525952,0.7584092117300891,0.9125068412634093
Fold_5,8.0,7.99438385926223,7.9968902497799865,50.0,0.7335640138408305,0.6917296634161562,0.8938014148494839
